0,name0,0,0
1,name1,1,0
2,name2,1,1
3,name3,2,1
4,name4,2,2
5,name5,3,2
6,name6,3,3
7,name7,4,3
8,name8,4,4
9,name9,5,4
10,name10,5,5
11,name11,6,5
12,name12,6,6
13,name13,7,6
14,name14,7,7
15,name15,8,7
16,name16,8,8
17,name17,9,8
18,name18,9,9
19,name19,10,9
20,name20,10,10
21,name21,11,10
22,name22,11,11
23,name23,12,11
24,name24,12,12
25,name25,13,12
26,name26,13,13
27,name27,14,13
28,name28,14,14
29,name29,15,14
30,name30,15,15
31,name31,16,15
32,name32,16,16
33,name33,17,16
34,name34,17,17
35,name35,18,17
36,name36,18,18
37,name37,19,18
38,name38,19,19
39,name39,20,19
40,name40,20,20
41,name41,21,20
42,name42,21,21
43,name43,22,21
44,name44,22,22
45,name45,23,22
46,name46,23,23
47,name47,24,23
48,name48,24,24
49,name49,25,24
50,name50,25,25
